start_date,end_date,strategy_name,tickers
2024-01-01,2024-01-31,AroonTrendStrategy,"['3IINFOLTD.NS', 'ACC.NS', 'ACCURACY.NS', 'ACE.NS', 'ADVANIHOTR.NS']"
2024-01-01,2024-01-31,BollingerBandsVolatilityStrategy,"['VCL.NS', 'GTLINFRA.NS', 'MITTAL.NS', 'SUNDARAM.NS', 'LYPSAGEMS.NS']"
2024-01-01,2024-01-31,ChaikinMoneyFlowStrategy,"['MARALOVER.NS', 'OSWALAGRO.NS', 'MSTCLTD.NS', 'CREST.NS', 'GVT&D.NS']"
2024-01-01,2024-01-31,KeltnerChannelsVolatilityStrategy,"['VCL.NS', 'MITTAL.NS', 'SUNDARAM.NS', 'SHRENIK.NS', 'GTLINFRA.NS']"
2024-01-01,2024-01-31,OnBalanceVolumeStrategy,"['YESBANK.NS', 'IRFC.NS', 'RPOWER.NS', 'NBCC.NS', 'NHPC.NS']"
2024-01-01,2024-01-31,CCIMomentumStrategy,"['SUNDRMFAST.NS', 'ITC.NS', 'IONEXCHANG.NS', 'EPL.NS', 'COROMANDEL.NS']"
2024-01-01,2024-01-31,PriceRateOfChangeMomentumStrategy,"['GANGAFORGE.NS', 'IFCI.NS', 'SALASAR.NS', 'MANAKSTEEL.NS', 'MSTCLTD.NS']"
2024-01-01,2024-01-31,RSIMomentumStrategy,"['SUVIDHAA.NS', 'AAKASH.NS', 'BLUEDART.NS', 'BUTTERFLY.NS', 'GSS.NS']"
2024-01-01,2024-01-31,WilliamsRMomentumStrategy,"['ALANKIT.NS', 'DCMFINSERV.NS', 'GLOBE.NS', 'GOYALALUM.NS', 'GVPTECH.NS']"
2024-01-01,2024-01-31,CalmarRatioStrategy,"['ASMS.NS', 'KAUSHALYA.NS', 'GANGAFORGE.NS', 'IFCI.NS', 'SALASAR.NS']"
2024-01-01,2024-01-31,SharpeRatioStrategy,"['ASMS.NS', 'GANGAFORGE.NS', 'ACCURACY.NS', 'OILCOUNTUB.NS', 'MADHUCON.NS']"
2024-01-01,2024-01-31,SortinoRatioStrategy,"['RUCHINFRA.NS', 'MITTAL.NS', 'RVNL.NS', 'INDOWIND.NS', 'GSLSU.NS']"
2024-01-01,2024-01-31,LossRateStrategy,"['ASMS.NS', 'KAUSHALYA.NS', 'ACCURACY.NS', 'GANGAFORGE.NS', 'SEJALLTD.NS']"
2024-01-01,2024-01-31,WinRateStrategy,"['ASMS.NS', 'GANGAFORGE.NS', 'MADHUCON.NS', 'ACCURACY.NS', 'RPGLIFE.NS']"
2024-01-01,2024-01-31,AnnualizedReturnStrategy,"['GANGAFORGE.NS', 'SALASAR.NS', 'MANAKSTEEL.NS', 'IFCI.NS', 'MOTISONS.NS']"
2024-01-01,2024-01-31,AverageDailyReturnStrategy,"['GANGAFORGE.NS', 'SALASAR.NS', 'MANAKSTEEL.NS', 'IFCI.NS', 'MOTISONS.NS']"
2024-01-01,2024-01-31,CumulativeReturnStrategy,"['GANGAFORGE.NS', 'SALASAR.NS', 'MANAKSTEEL.NS', 'IFCI.NS', 'MOTISONS.NS']"
2024-01-01,2024-01-31,ConditionalValueAtRiskStrategy,"['ZEEL.NS', 'MKPL.NS', 'POLYCAB.NS', 'RELIABLE.NS', 'CHENNPETRO.NS']"
2024-01-01,2024-01-31,MaximumDrawdownStrategy,"['MKPL.NS', 'ZEEL.NS', 'DIGIDRIVE.NS', 'ANTGRAPHIC.NS', 'SUVIDHAA.NS']"
2024-01-01,2024-01-31,UlcerIndexStrategy,"['ASMS.NS', 'KAUSHALYA.NS', 'GANGAFORGE.NS', 'DAVANGERE.NS', 'GULFOILLUB.NS']"
2024-01-01,2024-01-31,ValueAtRiskStrategy,"['MKPL.NS', 'ANGELONE.NS', 'ZEEL.NS', 'CREATIVEYE.NS', 'POLYCAB.NS']"
2024-01-01,2024-01-31,VolatilityStrategy,"['NILKAMAL.NS', 'TATATECH.NS', 'RELAXO.NS', 'MEDPLUS.NS', 'LUXIND.NS']"
2024-02-01,2024-02-29,AroonTrendStrategy,"['AAVAS.NS', 'AETHER.NS', 'AKG.NS', 'ANURAS.NS', 'ASTERDM.NS']"
2024-02-01,2024-02-29,BollingerBandsVolatilityStrategy,"['SHRENIK.NS', 'ANTGRAPHIC.NS', 'INVENTURE.NS', 'SHAH.NS', 'HAVISHA.NS']"
2024-02-01,2024-02-29,ChaikinMoneyFlowStrategy,"['HIRECT.NS', 'TARMAT.NS', 'KHAITANLTD.NS', 'SMLISUZU.NS', 'STAR.NS']"
2024-02-01,2024-02-29,KeltnerChannelsVolatilityStrategy,"['SHRENIK.NS', 'ANTGRAPHIC.NS', 'INVENTURE.NS', 'PARASPETRO.NS', 'HAVISHA.NS']"
2024-02-01,2024-02-29,OnBalanceVolumeStrategy,"['NHPC.NS', 'JPPOWER.NS', 'IOB.NS', 'GTLINFRA.NS', 'DISHTV.NS']"
2024-02-01,2024-02-29,CCIMomentumStrategy,"['SHALPAINTS.NS', 'PAGEIND.NS', 'PGHH.NS', 'TBZ.NS', 'SYMPHONY.NS']"
2024-02-01,2024-02-29,PriceRateOfChangeMomentumStrategy,"['FORCEMOT.NS', 'SALZERELEC.NS', 'TARMAT.NS', 'CHEMFAB.NS', 'SARVESHWAR.NS']"
2024-02-01,2024-02-29,RSIMomentumStrategy,"['ACCURACY.NS', 'DNAMEDIA.NS', 'ESSENTIA.NS', 'GANGAFORGE.NS', 'GTL.NS']"
2024-02-01,2024-02-29,WilliamsRMomentumStrategy,"['AAKASH.NS', 'ACCURACY.NS', 'AJOONI.NS', 'ASHOKAMET.NS', 'ASMS.NS']"
2024-02-01,2024-02-29,CalmarRatioStrategy,"['S&SPOWER.NS', 'SEJALLTD.NS', 'FORCEMOT.NS', 'SARVESHWAR.NS', 'ORCHPHARMA.NS']"
2024-02-01,2024-02-29,SharpeRatioStrategy,"['S&SPOWER.NS', 'CROWN.NS', 'SARVESHWAR.NS', 'BLBLIMITED.NS', 'GLOBE.NS']"
2024-02-01,2024-02-29,SortinoRatioStrategy,"['CROWN.NS', 'GLOBE.NS', 'SARVESHWAR.NS', 'GTLINFRA.NS', 'ANTGRAPHIC.NS']"
2024-02-01,2024-02-29,LossRateStrategy,"['S&SPOWER.NS', 'SEJALLTD.NS', 'RELIABLE.NS', 'BLBLIMITED.NS', 'CROWN.NS']"
2024-02-01,2024-02-29,WinRateStrategy,"['S&SPOWER.NS', 'BLBLIMITED.NS', 'CROWN.NS', 'BOSCHLTD.NS', 'KSL.NS']"
2024-02-01,2024-02-29,AnnualizedReturnStrategy,"['FORCEMOT.NS', 'SARVESHWAR.NS', 'TRF.NS', 'SALZERELEC.NS', 'BLBLIMITED.NS']"
2024-02-01,2024-02-29,AverageDailyReturnStrategy,"['FORCEMOT.NS', 'SARVESHWAR.NS', 'TRF.NS', 'SALZERELEC.NS', 'TARMAT.NS']"
2024-02-01,2024-02-29,CumulativeReturnStrategy,"['FORCEMOT.NS', 'SARVESHWAR.NS', 'TRF.NS', 'SALZERELEC.NS', 'BLBLIMITED.NS']"
2024-02-01,2024-02-29,ConditionalValueAtRiskStrategy,"['PAYTM.NS', 'INTLCONV.NS', 'RAMKY.NS', 'SJVN.NS', 'SHEMAROO.NS']"
2024-02-01,2024-02-29,MaximumDrawdownStrategy,"['SMLT.NS', 'KANANIIND.NS', 'IFCI.NS', 'PAYTM.NS', 'ESSENTIA.NS']"
2024-02-01,2024-02-29,UlcerIndexStrategy,"['S&SPOWER.NS', 'SAURASHCEM.NS', 'SEJALLTD.NS', 'SIEMENS.NS', 'ICICIGI.NS']"
2024-02-01,2024-02-29,ValueAtRiskStrategy,"['RAMKY.NS', 'IFGLEXPOR.NS', 'PAYTM.NS', 'DAVANGERE.NS', 'GMDCLTD.NS']"
2024-02-01,2024-02-29,VolatilityStrategy,"['ACCURACY.NS', 'HINDZINC.NS', 'SURANASOL.NS', 'S&SPOWER.NS', 'INFOBEAN.NS']"
2024-03-01,2024-03-31,AroonTrendStrategy,"['AARTIIND.NS', 'ABB.NS', 'ABINFRA.NS', 'ABREL.NS', 'ACE.NS']"
2024-03-01,2024-03-31,BollingerBandsVolatilityStrategy,"['VIVIDHA.NS', 'SHRENIK.NS', 'GTLINFRA.NS', 'HAVISHA.NS', 'SUNDARAM.NS']"
2024-03-01,2024-03-31,ChaikinMoneyFlowStrategy,"['ONELIFECAP.NS', 'SEJALLTD.NS', 'TARIL.NS', 'MANKIND.NS', 'DSSL.NS']"
2024-03-01,2024-03-31,KeltnerChannelsVolatilityStrategy,"['VIVIDHA.NS', 'GTLINFRA.NS', 'SHRENIK.NS', 'GLOBE.NS', 'VCL.NS']"
2024-03-01,2024-03-31,OnBalanceVolumeStrategy,"['JIOFIN.NS', 'BHEL.NS', 'SAIL.NS', 'SUZLON.NS', 'RPOWER.NS']"
2024-03-01,2024-03-31,CCIMomentumStrategy,"['VINATIORGA.NS', 'ACL.NS', 'HATSUN.NS', 'SIS.NS', 'DWARKESH.NS']"
2024-03-01,2024-03-31,PriceRateOfChangeMomentumStrategy,"['ONELIFECAP.NS', 'SALZERELEC.NS', 'SANGHVIMOV.NS', 'EMUDHRA.NS', 'JYOTICNC.NS']"
2024-03-01,2024-03-31,RSIMomentumStrategy,"['BLBLIMITED.NS', 'DCMFINSERV.NS', 'GLOBE.NS', 'PARASPETRO.NS', 'SURAJEST.NS']"
2024-03-01,2024-03-31,WilliamsRMomentumStrategy,"['BANKA.NS', 'BLBLIMITED.NS', 'DCMFINSERV.NS', 'DUCON.NS', 'ESSENTIA.NS']"
2024-03-01,2024-03-31,CalmarRatioStrategy,"['NIRAJISPAT.NS', 'ONELIFECAP.NS', 'KRYSTAL.NS', 'WEL.NS', 'JYOTICNC.NS']"
2024-03-01,2024-03-31,SharpeRatioStrategy,"['CROWN.NS', 'WEL.NS', 'DMART.NS', 'SOMICONVEY.NS', 'BAJAJ-AUTO.NS']"
2024-03-01,2024-03-31,SortinoRatioStrategy,"['KRYSTAL.NS', 'PVP.NS', 'WEL.NS', 'ONELIFECAP.NS', 'MARUTI.NS']"
2024-03-01,2024-03-31,LossRateStrategy,"['NIRAJISPAT.NS', 'INSPIRISYS.NS', 'RELIABLE.NS', 'JIOFIN.NS', 'BAJFINANCE.NS']"
2024-03-01,2024-03-31,WinRateStrategy,"['JIOFIN.NS', 'BAJFINANCE.NS', 'BHARTIARTL.NS', 'CROWN.NS', 'WEL.NS']"
2024-03-01,2024-03-31,AnnualizedReturnStrategy,"['ONELIFECAP.NS', 'WEL.NS', 'JYOTICNC.NS', 'SOMICONVEY.NS', 'EMUDHRA.NS']"
2024-03-01,2024-03-31,AverageDailyReturnStrategy,"['TIL.NS', 'ONELIFECAP.NS', 'WEL.NS', 'JYOTICNC.NS', 'EMUDHRA.NS']"
2024-03-01,2024-03-31,CumulativeReturnStrategy,"['ONELIFECAP.NS', 'WEL.NS', 'JYOTICNC.NS', 'SOMICONVEY.NS', 'EMUDHRA.NS']"
2024-03-01,2024-03-31,ConditionalValueAtRiskStrategy,"['TIL.NS', 'LOTUSEYE.NS', 'HILTON.NS', 'IIFL.NS', 'IPL.NS']"
2024-03-01,2024-03-31,MaximumDrawdownStrategy,"['TIL.NS', 'SINDHUTRAD.NS', 'MEDICO.NS', 'IIFL.NS', 'IPL.NS']"
2024-03-01,2024-03-31,UlcerIndexStrategy,"['NIRAJISPAT.NS', 'KRYSTAL.NS', 'AJANTPHARM.NS', 'ICICIGI.NS', 'DMART.NS']"
2024-03-01,2024-03-31,ValueAtRiskStrategy,"['TIL.NS', 'IIFL.NS', 'PAISALO.NS', 'SINDHUTRAD.NS', 'MEDICO.NS']"
2024-03-01,2024-03-31,VolatilityStrategy,"['DCMFINSERV.NS', 'ICICIBANK.NS', 'ROUTE.NS', 'ASIANPAINT.NS', 'ATUL.NS']"
2024-04-01,2024-04-30,AroonTrendStrategy,"['20MICRONS.NS', 'AARTIIND.NS', 'AARTISURF.NS', 'ABCAPITAL.NS', 'ABFRL.NS']"
2024-04-01,2024-04-30,BollingerBandsVolatilityStrategy,"['NIRAJISPAT.NS', 'SHRENIK.NS', 'GTLINFRA.NS', 'VCL.NS', 'ANTGRAPHIC.NS']"
2024-04-01,2024-04-30,ChaikinMoneyFlowStrategy,"['WEL.NS', 'MEDICAMEQ.NS', 'SHIVAMILLS.NS', 'GLAND.NS', 'ABMINTLLTD.NS']"
2024-04-01,2024-04-30,KeltnerChannelsVolatilityStrategy,"['NIRAJISPAT.NS', 'VCL.NS', 'GTLINFRA.NS', 'VIVIDHA.NS', 'SHRENIK.NS']"
2024-04-01,2024-04-30,OnBalanceVolumeStrategy,"['YESBANK.NS', 'SAIL.NS', 'NMDC.NS', 'BEL.NS', 'NATIONALUM.NS']"
2024-04-01,2024-04-30,CCIMomentumStrategy,"['DMART.NS', 'APOLLOHOSP.NS', 'HCLTECH.NS', 'PYRAMID.NS', 'SEJALLTD.NS']"
2024-04-01,2024-04-30,PriceRateOfChangeMomentumStrategy,"['PURVA.NS', 'PREMEXPLN.NS', 'HINDMOTORS.NS', 'YUKEN.NS', 'DOLATALGO.NS']"
2024-04-01,2024-04-30,RSIMomentumStrategy,"['GANGAFORGE.NS', 'KANANIIND.NS', 'PRAKASHSTL.NS', 'RELIABLE.NS', 'SURANAT&P.NS']"
2024-04-01,2024-04-30,WilliamsRMomentumStrategy,"['DUCON.NS', 'GANGAFORGE.NS', 'KANANIIND.NS', 'MALUPAPER.NS', 'MOKSH.NS']"
2024-04-01,2024-04-30,CalmarRatioStrategy,"['PURVA.NS', 'INDOTECH.NS', 'HINDMOTORS.NS', 'PREMEXPLN.NS', 'WEL.NS']"
2024-04-01,2024-04-30,SharpeRatioStrategy,"['TIL.NS', 'ASMS.NS', 'OILCOUNTUB.NS', 'GALLANTT.NS', 'TRF.NS']"
2024-04-01,2024-04-30,SortinoRatioStrategy,"['SHRENIK.NS', 'TARIL.NS', 'ZODIAC.NS', 'ARVEE.NS', 'ESSENTIA.NS']"
2024-04-01,2024-04-30,LossRateStrategy,"['NIRAJISPAT.NS', 'ASMS.NS', 'INSPIRISYS.NS', 'OILCOUNTUB.NS', 'TIL.NS']"
2024-04-01,2024-04-30,WinRateStrategy,"['ASMS.NS', 'TIL.NS', 'HONAUT.NS', 'OILCOUNTUB.NS', 'GALLANTT.NS']"
2024-04-01,2024-04-30,AnnualizedReturnStrategy,"['HINDMOTORS.NS', 'INDOTECH.NS', 'PURVA.NS', 'SCILAL.NS', 'PREMEXPLN.NS']"
2024-04-01,2024-04-30,AverageDailyReturnStrategy,"['HINDMOTORS.NS', 'INDOTECH.NS', 'PURVA.NS', 'SCILAL.NS', 'ARVEE.NS']"
2024-04-01,2024-04-30,CumulativeReturnStrategy,"['HINDMOTORS.NS', 'INDOTECH.NS', 'PURVA.NS', 'SCILAL.NS', 'PREMEXPLN.NS']"
2024-04-01,2024-04-30,ConditionalValueAtRiskStrategy,"['RELINFRA.NS', 'GSPL.NS', 'KRYSTAL.NS', 'BSE.NS', 'LEXUS.NS']"
2024-04-01,2024-04-30,MaximumDrawdownStrategy,"['SPARC.NS', 'ONELIFECAP.NS', 'RELINFRA.NS', 'ARVEE.NS', 'BLBLIMITED.NS']"
2024-04-01,2024-04-30,UlcerIndexStrategy,"['GLOSTERLTD.NS', 'NIRAJISPAT.NS', 'UDAICEMENT.NS', 'TRF.NS', 'JBCHEPHARM.NS']"
2024-04-01,2024-04-30,ValueAtRiskStrategy,"['RELINFRA.NS', 'ORICONENT.NS', 'KRYSTAL.NS', 'WEWIN.NS', 'LEXUS.NS']"
2024-04-01,2024-04-30,VolatilityStrategy,"['NIRAJISPAT.NS', 'UDAICEMENT.NS', 'BBTCL.NS', 'PGHL.NS', 'TVSHLTD.NS']"
2024-05-01,2024-05-31,AroonTrendStrategy,"['3MINDIA.NS', 'AIRAN.NS', 'ASHOKAMET.NS', 'BALPHARMA.NS', 'BDL.NS']"
2024-05-01,2024-05-31,BollingerBandsVolatilityStrategy,"['NIRAJISPAT.NS', 'SHRENIK.NS', 'ANTGRAPHIC.NS', 'GTLINFRA.NS', 'FCSSOFT.NS']"
2024-05-01,2024-05-31,ChaikinMoneyFlowStrategy,"['TOUCHWOOD.NS', 'GLENMARK.NS', 'DCI.NS', 'EMAMILTD.NS', 'MOTHERSON.NS']"
2024-05-01,2024-05-31,KeltnerChannelsVolatilityStrategy,"['NIRAJISPAT.NS', 'VCL.NS', 'GTLINFRA.NS', 'SUNDARAM.NS', 'SHRENIK.NS']"
2024-05-01,2024-05-31,OnBalanceVolumeStrategy,"['RTNPOWER.NS', 'NHPC.NS', 'IRFC.NS', 'BEL.NS', 'MOTHERSON.NS']"
2024-05-01,2024-05-31,CCIMomentumStrategy,"['KFINTECH.NS', 'MURUDCERA.NS', 'SBILIFE.NS', 'MARATHON.NS', 'ATUL.NS']"
2024-05-01,2024-05-31,PriceRateOfChangeMomentumStrategy,"['BDL.NS', 'ASHIMASYN.NS', 'RTNPOWER.NS', 'COCHINSHIP.NS', 'GRSE.NS']"
2024-05-01,2024-05-31,RSIMomentumStrategy,"['INSPIRISYS.NS', 'RELIABLE.NS', 'VCL.NS', 'GSS.NS', 'ESAFSFB.NS']"
2024-05-01,2024-05-31,WilliamsRMomentumStrategy,"['AAATECH.NS', 'AJOONI.NS', 'ARCHIES.NS', 'ASMS.NS', 'INSPIRISYS.NS']"
2024-05-01,2024-05-31,CalmarRatioStrategy,"['RTNPOWER.NS', 'BDL.NS', 'HINDZINC.NS', 'COCHINSHIP.NS', 'FINCABLES.NS']"
2024-05-01,2024-05-31,SharpeRatioStrategy,"['RTNPOWER.NS', 'MKPL.NS', 'ZODIAC.NS', 'BDL.NS', 'SBC.NS']"
2024-05-01,2024-05-31,SortinoRatioStrategy,"['ZODIAC.NS', 'ANTGRAPHIC.NS', 'CROMPTON.NS', 'JWL.NS', 'MKPL.NS']"
2024-05-01,2024-05-31,LossRateStrategy,"['NIRAJISPAT.NS', 'RTNPOWER.NS', 'ANTGRAPHIC.NS', 'INSPIRISYS.NS', 'VCL.NS']"
2024-05-01,2024-05-31,WinRateStrategy,"['RTNPOWER.NS', 'AHLUCONT.NS', 'CENTENKA.NS', 'MMFL.NS', 'OBEROIRLTY.NS']"
2024-05-01,2024-05-31,AnnualizedReturnStrategy,"['RTNPOWER.NS', 'BDL.NS', 'HINDZINC.NS', 'COCHINSHIP.NS', 'ASHIMASYN.NS']"
2024-05-01,2024-05-31,AverageDailyReturnStrategy,"['RTNPOWER.NS', 'HINDZINC.NS', 'BDL.NS', 'COCHINSHIP.NS', 'ASHIMASYN.NS']"
2024-05-01,2024-05-31,CumulativeReturnStrategy,"['RTNPOWER.NS', 'BDL.NS', 'HINDZINC.NS', 'COCHINSHIP.NS', 'ASHIMASYN.NS']"
2024-05-01,2024-05-31,ConditionalValueAtRiskStrategy,"['SYRMA.NS', 'INTENTECH.NS', 'HEG.NS', 'ISGEC.NS', 'GRPLTD.NS']"
2024-05-01,2024-05-31,MaximumDrawdownStrategy,"['DBSTOCKBRO.NS', 'NGIL.NS', 'GSS.NS', 'MRO-TEK.NS', 'GLOBAL.NS']"
2024-05-01,2024-05-31,UlcerIndexStrategy,"['NIRAJISPAT.NS', 'GODIGIT.NS', 'KOTAKBANK.NS', 'PFIZER.NS', 'HAVELLS.NS']"
2024-05-01,2024-05-31,ValueAtRiskStrategy,"['MRO-TEK.NS', 'WINDMACHIN.NS', 'GRPLTD.NS', 'SANGHVIMOV.NS', 'CENTUM.NS']"
2024-05-01,2024-05-31,VolatilityStrategy,"['NIRAJISPAT.NS', 'ROSSARI.NS', 'HNDFDS.NS', 'SBICARD.NS', 'FEDFINA.NS']"
2024-06-01,2024-06-30,AroonTrendStrategy,"['360ONE.NS', 'AAKASH.NS', 'ADSL.NS', 'AEGISLOG.NS', 'AETHER.NS']"
2024-06-01,2024-06-30,BollingerBandsVolatilityStrategy,"['NIRAJISPAT.NS', 'VIVIDHA.NS', 'ANTGRAPHIC.NS', 'SHRENIK.NS', 'SHAH.NS']"
2024-06-01,2024-06-30,ChaikinMoneyFlowStrategy,"['KAYA.NS', 'WINDMACHIN.NS', 'GALLANTT.NS', 'ZENITHSTL.NS', 'PARAS.NS']"
2024-06-01,2024-06-30,KeltnerChannelsVolatilityStrategy,"['NIRAJISPAT.NS', 'VIVIDHA.NS', 'SHRENIK.NS', 'ANTGRAPHIC.NS', 'SHAH.NS']"
2024-06-01,2024-06-30,OnBalanceVolumeStrategy,"['IDEA.NS', 'GTLINFRA.NS', 'YESBANK.NS', 'GMRAIRPORT.NS', 'HCC.NS']"
2024-06-01,2024-06-30,CCIMomentumStrategy,"['BALKRISHNA.NS', 'TIPSMUSIC.NS', 'TCI.NS', 'SALASAR.NS', 'JASH.NS']"
2024-06-01,2024-06-30,PriceRateOfChangeMomentumStrategy,"['GTLINFRA.NS', 'WINDMACHIN.NS', 'MICEL.NS', 'ZENITHSTL.NS', 'KAYA.NS']"
2024-06-01,2024-06-30,RSIMomentumStrategy,"['HILTON.NS', 'DAVANGERE.NS', 'ALLCARGO.NS', 'GVPTECH.NS', 'ATGL.NS']"
2024-06-01,2024-06-30,WilliamsRMomentumStrategy,"['ARCHIDPLY.NS', 'GLOBAL.NS', 'RELIABLE.NS', 'TARMAT.NS', 'TRF.NS']"
2024-06-01,2024-06-30,CalmarRatioStrategy,"['EMBDL.NS', 'RETAIL.NS', 'GTLINFRA.NS', 'MICEL.NS', 'WINDMACHIN.NS']"
2024-06-01,2024-06-30,SharpeRatioStrategy,"['RETAIL.NS', 'GTLINFRA.NS', 'MICEL.NS', 'DUCON.NS', 'SENCO.NS']"
2024-06-01,2024-06-30,SortinoRatioStrategy,"['TIL.NS', 'TECILCHEM.NS', 'CHOLAHLDNG.NS', 'BOROSCI.NS', 'VSTIND.NS']"
2024-06-01,2024-06-30,LossRateStrategy,"['EMBDL.NS', 'NIRAJISPAT.NS', 'RETAIL.NS', 'INSPIRISYS.NS', 'CHOICEIN.NS']"
2024-06-01,2024-06-30,WinRateStrategy,"['EMBDL.NS', 'RETAIL.NS', 'CHOICEIN.NS', 'MICEL.NS', 'AKSHARCHEM.NS']"
2024-06-01,2024-06-30,AnnualizedReturnStrategy,"['GTLINFRA.NS', 'WINDMACHIN.NS', 'RETAIL.NS', 'MICEL.NS', 'KRITI.NS']"
2024-06-01,2024-06-30,AverageDailyReturnStrategy,"['RETAIL.NS', 'GTLINFRA.NS', 'WINDMACHIN.NS', 'KRITI.NS', 'VSTIND.NS']"
2024-06-01,2024-06-30,CumulativeReturnStrategy,"['GTLINFRA.NS', 'WINDMACHIN.NS', 'MICEL.NS', 'KRITI.NS', 'DIGISPICE.NS']"
2024-06-01,2024-06-30,ConditionalValueAtRiskStrategy,"['SANOFI.NS', 'RECLTD.NS', 'PFC.NS', 'ADANIPORTS.NS', 'BHEL.NS']"
2024-06-01,2024-06-30,MaximumDrawdownStrategy,"['SANOFI.NS', 'TECILCHEM.NS', 'SANGINITA.NS', 'HILTON.NS', 'SUPERSPIN.NS']"
2024-06-01,2024-06-30,UlcerIndexStrategy,"['EMBDL.NS', 'NIRAJISPAT.NS', 'RETAIL.NS', 'CHOICEIN.NS', 'AMJLAND.NS']"
2024-06-01,2024-06-30,ValueAtRiskStrategy,"['SANGINITA.NS', 'SUPERSPIN.NS', 'TECHNOE.NS', 'SOMICONVEY.NS', 'BDL.NS']"
2024-06-01,2024-06-30,VolatilityStrategy,"['NIRAJISPAT.NS', 'AFIL.NS', 'RETAIL.NS', 'CIGNITITEC.NS', 'DEEDEV.NS']"
2024-07-01,2024-07-31,AroonTrendStrategy,"['360ONE.NS', '3MINDIA.NS', '63MOONS.NS', 'AARTIIND.NS', 'ABFRL.NS']"
2024-07-01,2024-07-31,BollingerBandsVolatilityStrategy,"['NIRAJISPAT.NS', 'KANANIIND.NS', 'VIKASECO.NS', 'FCSSOFT.NS', 'VCL.NS']"
2024-07-01,2024-07-31,ChaikinMoneyFlowStrategy,"['OCCL.NS', 'TCPLPACK.NS', 'EIMCOELECO.NS', 'ZENTEC.NS', 'SUZLON.NS']"
2024-07-01,2024-07-31,KeltnerChannelsVolatilityStrategy,"['NIRAJISPAT.NS', 'VCL.NS', 'VIVIDHA.NS', 'KANANIIND.NS', 'FCSSOFT.NS']"
2024-07-01,2024-07-31,OnBalanceVolumeStrategy,"['YESBANK.NS', 'PCJEWELLER.NS', 'SUZLON.NS', 'IDEA.NS', 'IFCI.NS']"
2024-07-01,2024-07-31,CCIMomentumStrategy,"['CSBBANK.NS', 'WONDERLA.NS', 'KOLTEPATIL.NS', 'EQUITASBNK.NS', 'DCMFINSERV.NS']"
2024-07-01,2024-07-31,PriceRateOfChangeMomentumStrategy,"['MTNL.NS', 'RELIABLE.NS', 'GLOBE.NS', 'SPORTKING.NS', 'OCCL.NS']"
2024-07-01,2024-07-31,RSIMomentumStrategy,"['VCL.NS', 'BRNL.NS', 'JAIPURKURT.NS', 'KIRLOSENG.NS', 'DAVANGERE.NS']"
2024-07-01,2024-07-31,WilliamsRMomentumStrategy,"['DRCSYSTEMS.NS', 'HECPROJECT.NS', 'VCL.NS', 'TECILCHEM.NS', 'JAIPURKURT.NS']"
2024-07-01,2024-07-31,CalmarRatioStrategy,"['SANSTAR.NS', 'RELIABLE.NS', 'MTNL.NS', 'GLOBE.NS', 'PCJEWELLER.NS']"
2024-07-01,2024-07-31,SharpeRatioStrategy,"['RELIABLE.NS', 'S&SPOWER.NS', 'PCJEWELLER.NS', 'DCI.NS', 'INFY.NS']"
2024-07-01,2024-07-31,SortinoRatioStrategy,"['S&SPOWER.NS', 'MADHUCON.NS', 'INFY.NS', 'HUBTOWN.NS', 'OPTIEMUS.NS']"
2024-07-01,2024-07-31,LossRateStrategy,"['NIRAJISPAT.NS', 'CHEMFAB.NS', 'RELIABLE.NS', 'HDFCLIFE.NS', 'INSPIRISYS.NS']"
2024-07-01,2024-07-31,WinRateStrategy,"['CHEMFAB.NS', 'HDFCLIFE.NS', 'INSPIRISYS.NS', 'LUXIND.NS', 'RELIABLE.NS']"
2024-07-01,2024-07-31,AnnualizedReturnStrategy,"['MTNL.NS', 'RELIABLE.NS', 'GLOBE.NS', 'PCJEWELLER.NS', 'DCI.NS']"
2024-07-01,2024-07-31,AverageDailyReturnStrategy,"['MTNL.NS', 'RELIABLE.NS', 'GLOBE.NS', 'PCJEWELLER.NS', 'DCI.NS']"
2024-07-01,2024-07-31,CumulativeReturnStrategy,"['MTNL.NS', 'RELIABLE.NS', 'GLOBE.NS', 'PCJEWELLER.NS', 'DCI.NS']"
2024-07-01,2024-07-31,ConditionalValueAtRiskStrategy,"['RAYMOND.NS', 'VSTIND.NS', 'ITDCEM.NS', 'SCPL.NS', 'NDLVENTURE.NS']"
2024-07-01,2024-07-31,MaximumDrawdownStrategy,"['RAYMOND.NS', 'GTLINFRA.NS', 'ZENITHSTL.NS', 'JAIPURKURT.NS', 'SCPL.NS']"
2024-07-01,2024-07-31,UlcerIndexStrategy,"['NIRAJISPAT.NS', 'SANSTAR.NS', 'GLENMARK.NS', 'INFY.NS', 'COLPAL.NS']"
2024-07-01,2024-07-31,ValueAtRiskStrategy,"['SCPL.NS', 'GEPIL.NS', 'KEYFINSERV.NS', 'BBL.NS', 'SAH.NS']"
2024-07-01,2024-07-31,VolatilityStrategy,"['NIRAJISPAT.NS', 'CIGNITITEC.NS', 'TATATECH.NS', 'UNIPARTS.NS', 'SULA.NS']"
2024-08-01,2024-08-31,AroonTrendStrategy,"['5PAISA.NS', 'AAVAS.NS', 'ABBOTINDIA.NS', 'ABDL.NS', 'ADL.NS']"
2024-08-01,2024-08-31,BollingerBandsVolatilityStrategy,"['VIVIDHA.NS', 'HAVISHA.NS', 'MITTAL.NS', 'VCL.NS', 'VIKASLIFE.NS']"
2024-08-01,2024-08-31,ChaikinMoneyFlowStrategy,"['ORIENTALTL.NS', 'MEDICO.NS', 'MIRCELECTR.NS', 'GLOBUSSPR.NS', 'IWEL.NS']"
2024-08-01,2024-08-31,KeltnerChannelsVolatilityStrategy,"['VCL.NS', 'VIVIDHA.NS', 'MITTAL.NS', 'HAVISHA.NS', 'SUNDARAM.NS']"
2024-08-01,2024-08-31,OnBalanceVolumeStrategy,"['IDEA.NS', 'PCJEWELLER.NS', 'SUZLON.NS', 'MOREPENLAB.NS', 'SEPC.NS']"
2024-08-01,2024-08-31,CCIMomentumStrategy,"['INVENTURE.NS', 'AZAD.NS', 'SUMICHEM.NS', 'JKPAPER.NS', 'PGHH.NS']"
2024-08-01,2024-08-31,PriceRateOfChangeMomentumStrategy,"['DCMFINSERV.NS', 'LYPSAGEMS.NS', 'PANACEABIO.NS', 'GOLDIAM.NS', 'ANTGRAPHIC.NS']"
2024-08-01,2024-08-31,RSIMomentumStrategy,"['VCL.NS', 'CUPID.NS', 'DIVGIITTS.NS', 'TARMAT.NS', 'COCHINSHIP.NS']"
2024-08-01,2024-08-31,WilliamsRMomentumStrategy,"['ABMINTLLTD.NS', 'AUSOMENT.NS', 'DCI.NS', 'DNAMEDIA.NS', 'INVENTURE.NS']"
2024-08-01,2024-08-31,CalmarRatioStrategy,"['ORIENTTECH.NS', 'SURAJLTD.NS', 'DCMFINSERV.NS', 'LYPSAGEMS.NS', 'GOLDIAM.NS']"
2024-08-01,2024-08-31,SharpeRatioStrategy,"['ORIENTTECH.NS', 'SUMIT.NS', 'DCMFINSERV.NS', 'ANTGRAPHIC.NS', 'MANKIND.NS']"
2024-08-01,2024-08-31,SortinoRatioStrategy,"['E2E.NS', 'DCMFINSERV.NS', 'SOUTHWEST.NS', 'SHRENIK.NS', 'INDRAMEDCO.NS']"
2024-08-01,2024-08-31,LossRateStrategy,"['ORIENTTECH.NS', 'SURAJLTD.NS', 'SUMIT.NS', 'ANTGRAPHIC.NS', 'E2E.NS']"
2024-08-01,2024-08-31,WinRateStrategy,"['ORIENTTECH.NS', 'SURAJLTD.NS', 'SUMIT.NS', 'E2E.NS', 'ERIS.NS']"
2024-08-01,2024-08-31,AnnualizedReturnStrategy,"['DCMFINSERV.NS', 'ORIENTTECH.NS', 'LYPSAGEMS.NS', 'GOLDIAM.NS', 'AIIL.NS']"
2024-08-01,2024-08-31,AverageDailyReturnStrategy,"['ORIENTTECH.NS', 'DCMFINSERV.NS', 'LYPSAGEMS.NS', 'GOLDIAM.NS', 'AIIL.NS']"
2024-08-01,2024-08-31,CumulativeReturnStrategy,"['DCMFINSERV.NS', 'LYPSAGEMS.NS', 'GOLDIAM.NS', 'PANACEABIO.NS', 'AIIL.NS']"
2024-08-01,2024-08-31,ConditionalValueAtRiskStrategy,"['INVENTURE.NS', 'FUSION.NS', 'ICEMAKE.NS', 'VPRPL.NS', 'LAGNAM.NS']"
2024-08-01,2024-08-31,MaximumDrawdownStrategy,"['FUSION.NS', 'FOCUS.NS', 'GRPLTD.NS', 'SANGHVIMOV.NS', 'ORIENTALTL.NS']"
2024-08-01,2024-08-31,UlcerIndexStrategy,"['ORIENTTECH.NS', 'SURAJLTD.NS', 'SUNPHARMA.NS', 'TORNTPHARM.NS', 'CIGNITITEC.NS']"
2024-08-01,2024-08-31,ValueAtRiskStrategy,"['FUSION.NS', 'RELINFRA.NS', 'RUSHIL.NS', 'SELMC.NS', 'SURYALAXMI.NS']"
2024-08-01,2024-08-31,VolatilityStrategy,"['ORIENTTECH.NS', 'CIGNITITEC.NS', 'SUNPHARMA.NS', 'KOTAKBANK.NS', 'AARON.NS']"
2024-09-01,2024-09-30,AroonTrendStrategy,"['AAREYDRUGS.NS', 'ABCAPITAL.NS', 'ABFRL.NS', 'ABMINTLLTD.NS', 'ACCURACY.NS']"
2024-09-01,2024-09-30,BollingerBandsVolatilityStrategy,"['VCL.NS', 'VIVIDHA.NS', 'SHRENIK.NS', 'KANANIIND.NS', 'MITTAL.NS']"
2024-09-01,2024-09-30,ChaikinMoneyFlowStrategy,"['MEDICO.NS', 'REMSONSIND.NS', 'HITECHCORP.NS', 'ZEEMEDIA.NS', 'SHANTI.NS']"
2024-09-01,2024-09-30,KeltnerChannelsVolatilityStrategy,"['SHRENIK.NS', 'NIRAJISPAT.NS', 'VCL.NS', 'VIVIDHA.NS', 'INVENTURE.NS']"
2024-09-01,2024-09-30,OnBalanceVolumeStrategy,"['PCJEWELLER.NS', 'RAMASTEEL.NS', 'RPOWER.NS', 'NDL.NS', 'VAKRANGEE.NS']"
2024-09-01,2024-09-30,CCIMomentumStrategy,"['HAPPYFORGE.NS', 'SANOFI.NS', 'ARVIND.NS', 'HMAAGRO.NS', 'INNOVANA.NS']"
2024-09-01,2024-09-30,PriceRateOfChangeMomentumStrategy,"['ZEEMEDIA.NS', 'RELTD.NS', 'VAKRANGEE.NS', 'UNITEDPOLY.NS', 'RPOWER.NS']"
2024-09-01,2024-09-30,RSIMomentumStrategy,"['NIRAJISPAT.NS', 'RAJMET.NS', 'MHRIL.NS', 'KHAITANLTD.NS', 'MANORG.NS']"
2024-09-01,2024-09-30,WilliamsRMomentumStrategy,"['ANTGRAPHIC.NS', 'DCMFINSERV.NS', 'MANORG.NS', 'NIRAJISPAT.NS', 'ZENITHSTL.NS']"
2024-09-01,2024-09-30,CalmarRatioStrategy,"['RELTD.NS', 'REFEX.NS', 'AYMSYNTEX.NS', 'UNITEDPOLY.NS', 'MOTISONS.NS']"
2024-09-01,2024-09-30,SharpeRatioStrategy,"['AYMSYNTEX.NS', 'RELTD.NS', 'RPOWER.NS', 'PCJEWELLER.NS', 'EPACK.NS']"
2024-09-01,2024-09-30,SortinoRatioStrategy,"['RELTD.NS', 'FOCUS.NS', 'ORIENTALTL.NS', 'RPOWER.NS', 'UNITEDPOLY.NS']"
2024-09-01,2024-09-30,LossRateStrategy,"['AYMSYNTEX.NS', 'NIRAJISPAT.NS', 'RELTD.NS', 'OSWALAGRO.NS', 'PCJEWELLER.NS']"
2024-09-01,2024-09-30,WinRateStrategy,"['AYMSYNTEX.NS', 'RELTD.NS', 'OSWALAGRO.NS', 'PCJEWELLER.NS', 'STEL.NS']"
2024-09-01,2024-09-30,AnnualizedReturnStrategy,"['RELTD.NS', 'REFEX.NS', 'MOTISONS.NS', 'RELINFRA.NS', 'ZEEMEDIA.NS']"
2024-09-01,2024-09-30,AverageDailyReturnStrategy,"['RELTD.NS', 'REFEX.NS', 'MOTISONS.NS', 'ZEEMEDIA.NS', 'RELINFRA.NS']"
2024-09-01,2024-09-30,CumulativeReturnStrategy,"['RELTD.NS', 'REFEX.NS', 'MOTISONS.NS', 'RELINFRA.NS', 'ZEEMEDIA.NS']"
2024-09-01,2024-09-30,ConditionalValueAtRiskStrategy,"['IDEA.NS', 'GRANULES.NS', 'EASEMYTRIP.NS', 'MUKTAARTS.NS', 'PRAKASH.NS']"
2024-09-01,2024-09-30,MaximumDrawdownStrategy,"['IDEA.NS', 'DCMFINSERV.NS', 'SPORTKING.NS', 'ADL.NS', 'HEXATRADEX.NS']"
2024-09-01,2024-09-30,UlcerIndexStrategy,"['ARKADE.NS', 'CIGNITITEC.NS', 'TRENT.NS', 'APOLLOHOSP.NS', 'HDFCBANK.NS']"
2024-09-01,2024-09-30,ValueAtRiskStrategy,"['IDEA.NS', 'FUSION.NS', 'ECOSMOBLTY.NS', 'NAVA.NS', 'NDLVENTURE.NS']"
2024-09-01,2024-09-30,VolatilityStrategy,"['CIGNITITEC.NS', 'SFL.NS', 'BHARATGEAR.NS', 'ANURAS.NS', 'SREEL.NS']"
2024-10-01,2024-10-31,AroonTrendStrategy,"['3MINDIA.NS', 'ABMINTLLTD.NS', 'ACC.NS', 'AEGISLOG.NS', 'AGIIL.NS']"
2024-10-01,2024-10-31,BollingerBandsVolatilityStrategy,"['NIRAJISPAT.NS', 'VIVIDHA.NS', 'VCL.NS', 'SHRENIK.NS', 'INVENTURE.NS']"
2024-10-01,2024-10-31,ChaikinMoneyFlowStrategy,"['SYRMA.NS', 'TREEHOUSE.NS', 'USHAMART.NS', 'CGCL.NS', 'PURVA.NS']"
2024-10-01,2024-10-31,KeltnerChannelsVolatilityStrategy,"['NIRAJISPAT.NS', 'VCL.NS', 'VIVIDHA.NS', 'SHRENIK.NS', 'INVENTURE.NS']"
2024-10-01,2024-10-31,OnBalanceVolumeStrategy,"['JPPOWER.NS', 'JYOTISTRUC.NS', 'PPLPHARMA.NS', 'CUB.NS', 'DHANI.NS']"
2024-10-01,2024-10-31,CCIMomentumStrategy,"['HONAUT.NS', 'STARHEALTH.NS', 'SRD.NS', 'DRREDDY.NS', 'INDGN.NS']"
2024-10-01,2024-10-31,PriceRateOfChangeMomentumStrategy,"['ABMINTLLTD.NS', 'DYCL.NS', 'CREATIVEYE.NS', 'AJMERA.NS', 'E2E.NS']"
2024-10-01,2024-10-31,RSIMomentumStrategy,"['GANGAFORGE.NS', 'MRF.NS', 'PRINCEPIPE.NS', 'POLYCAB.NS', 'AXITA.NS']"
2024-10-01,2024-10-31,WilliamsRMomentumStrategy,"['INTENTECH.NS', 'SRD.NS', 'CHENNPETRO.NS', 'PFIZER.NS', 'MOTHERSON.NS']"
2024-10-01,2024-10-31,CalmarRatioStrategy,"['NIRAJISPAT.NS', 'WAAREEENER.NS', 'ABMINTLLTD.NS', 'DYCL.NS', 'CARERATING.NS']"
2024-10-01,2024-10-31,SharpeRatioStrategy,"['WAAREEENER.NS', 'ABMINTLLTD.NS', 'SEJALLTD.NS', 'TARIL.NS', 'DYCL.NS']"
2024-10-01,2024-10-31,SortinoRatioStrategy,"['ABMINTLLTD.NS', 'ANUP.NS', 'DYCL.NS', 'SEJALLTD.NS', 'SHARDACROP.NS']"
2024-10-01,2024-10-31,LossRateStrategy,"['NIRAJISPAT.NS', 'WAAREEENER.NS', 'ABMINTLLTD.NS', 'CARERATING.NS', 'PRIVISCL.NS']"
2024-10-01,2024-10-31,WinRateStrategy,"['WAAREEENER.NS', 'ABMINTLLTD.NS', 'CARERATING.NS', 'PRIVISCL.NS', 'AGIIL.NS']"
2024-10-01,2024-10-31,AnnualizedReturnStrategy,"['ABMINTLLTD.NS', 'CREATIVEYE.NS', 'DYCL.NS', 'CARERATING.NS', 'SEJALLTD.NS']"
2024-10-01,2024-10-31,AverageDailyReturnStrategy,"['ABMINTLLTD.NS', 'WAAREEENER.NS', 'CREATIVEYE.NS', 'DYCL.NS', 'CARERATING.NS']"
2024-10-01,2024-10-31,CumulativeReturnStrategy,"['ABMINTLLTD.NS', 'CREATIVEYE.NS', 'DYCL.NS', 'CARERATING.NS', 'SEJALLTD.NS']"
2024-10-01,2024-10-31,ConditionalValueAtRiskStrategy,"['PNCINFRA.NS', 'SRD.NS', 'ASHAPURMIN.NS', 'INDUSINDBK.NS', 'HEUBACHIND.NS']"
2024-10-01,2024-10-31,MaximumDrawdownStrategy,"['GROBTEA.NS', 'IFBIND.NS', 'GOLDTECH.NS', 'SPANDANA.NS', 'PNCINFRA.NS']"
2024-10-01,2024-10-31,UlcerIndexStrategy,"['DBEIL.NS', 'NIRAJISPAT.NS', 'WAAREEENER.NS', 'HCLTECH.NS', 'DYCL.NS']"
2024-10-01,2024-10-31,ValueAtRiskStrategy,"['ASHAPURMIN.NS', 'IFBIND.NS', 'AUSOMENT.NS', 'VAKRANGEE.NS', 'SILINV.NS']"
2024-10-01,2024-10-31,VolatilityStrategy,"['INDIACEM.NS', 'WAAREEENER.NS', 'AXITA.NS', 'SILVERTUC.NS', 'TCIEXP.NS']"
2024-11-01,2024-11-30,AroonTrendStrategy,"['63MOONS.NS', 'AAVAS.NS', 'ABDL.NS', 'ADVANIHOTR.NS', 'AEGISLOG.NS']"
2024-11-01,2024-11-30,BollingerBandsVolatilityStrategy,"['GVT&D.NS', 'NIRAJISPAT.NS', 'VIVIDHA.NS', 'VCL.NS', 'GTLINFRA.NS']"
2024-11-01,2024-11-30,ChaikinMoneyFlowStrategy,"['XPROINDIA.NS', 'BANCOINDIA.NS', 'FACT.NS', 'BSHSL.NS', 'MANINFRA.NS']"
2024-11-01,2024-11-30,KeltnerChannelsVolatilityStrategy,"['GVT&D.NS', 'NIRAJISPAT.NS', 'VIVIDHA.NS', 'VCL.NS', 'INVENTURE.NS']"
2024-11-01,2024-11-30,OnBalanceVolumeStrategy,"['OLAELEC.NS', 'ZOMATO.NS', 'NATIONALUM.NS', 'HDFCBANK.NS', 'PNB.NS']"
2024-11-01,2024-11-30,CCIMomentumStrategy,"['OAL.NS', 'RPEL.NS', 'INDIGOPNTS.NS', 'SALONA.NS', 'ZFCVINDIA.NS']"
2024-11-01,2024-11-30,PriceRateOfChangeMomentumStrategy,"['VIMTALABS.NS', 'PIXTRANS.NS', 'BANCOINDIA.NS', 'WINDMACHIN.NS', 'ASHAPURMIN.NS']"
2024-11-01,2024-11-30,RSIMomentumStrategy,"['ALICON.NS', 'GSS.NS', 'AFIL.NS', 'DCMFINSERV.NS', 'MANORG.NS']"
2024-11-01,2024-11-30,WilliamsRMomentumStrategy,"['ANTGRAPHIC.NS', 'MADHUCON.NS', 'MANORG.NS', 'DCMFINSERV.NS', 'OMAXE.NS']"
2024-11-01,2024-11-30,CalmarRatioStrategy,"['RACLGEAR.NS', 'WINDMACHIN.NS', 'AVALON.NS', 'KRN.NS', 'PIXTRANS.NS']"
2024-11-01,2024-11-30,SharpeRatioStrategy,"['WINDMACHIN.NS', 'RACLGEAR.NS', 'KPEL.NS', 'COFORGE.NS', 'AGIIL.NS']"
2024-11-01,2024-11-30,SortinoRatioStrategy,"['JASH.NS', 'AGIIL.NS', 'AVALON.NS', 'COFORGE.NS', 'KIRIINDUS.NS']"
2024-11-01,2024-11-30,LossRateStrategy,"['NIRAJISPAT.NS', 'RACLGEAR.NS', 'GVT&D.NS', 'BLACKBUCK.NS', 'AGIIL.NS']"
2024-11-01,2024-11-30,WinRateStrategy,"['RACLGEAR.NS', 'BLACKBUCK.NS', 'AGIIL.NS', 'COFORGE.NS', 'KPEL.NS']"
2024-11-01,2024-11-30,AnnualizedReturnStrategy,"['RACLGEAR.NS', 'KRN.NS', 'AVALON.NS', 'WINDMACHIN.NS', 'VIMTALABS.NS']"
2024-11-01,2024-11-30,AverageDailyReturnStrategy,"['RACLGEAR.NS', 'KRN.NS', 'AVALON.NS', 'WINDMACHIN.NS', 'BANCOINDIA.NS']"
2024-11-01,2024-11-30,CumulativeReturnStrategy,"['KRN.NS', 'AVALON.NS', 'WINDMACHIN.NS', 'VIMTALABS.NS', 'PIXTRANS.NS']"
2024-11-01,2024-11-30,ConditionalValueAtRiskStrategy,"['ADANIENT.NS', 'ADANIENSOL.NS', 'HONASA.NS', 'IGL.NS', 'ADANIGREEN.NS']"
2024-11-01,2024-11-30,MaximumDrawdownStrategy,"['ADANIGREEN.NS', 'ADANIENSOL.NS', 'HONASA.NS', 'AKUMS.NS', 'HBSL.NS']"
2024-11-01,2024-11-30,UlcerIndexStrategy,"['GVT&D.NS', 'NIRAJISPAT.NS', 'RACLGEAR.NS', 'COFORGE.NS', 'SAFARI.NS']"
2024-11-01,2024-11-30,ValueAtRiskStrategy,"['HONASA.NS', 'ADANIENSOL.NS', 'MAGNUM.NS', 'MEDICO.NS', 'HBSL.NS']"
2024-11-01,2024-11-30,VolatilityStrategy,"['NIRAJISPAT.NS', 'GVT&D.NS', 'HEUBACHIND.NS', 'INDIACEM.NS', 'SANOFICONR.NS']"
2024-12-01,2024-12-31,AroonTrendStrategy,"['360ONE.NS', 'AARTIPHARM.NS', 'ABBOTINDIA.NS', 'ABDL.NS', 'ACE.NS']"
2024-12-01,2024-12-31,BollingerBandsVolatilityStrategy,"['GVT&D.NS', 'VIVIDHA.NS', 'SHRENIK.NS', 'PARASPETRO.NS', 'KANANIIND.NS']"
2024-12-01,2024-12-31,ChaikinMoneyFlowStrategy,"['WORTH.NS', 'UMAEXPORTS.NS', 'SUMIT.NS', 'BFUTILITIE.NS', 'SURAJLTD.NS']"
2024-12-01,2024-12-31,KeltnerChannelsVolatilityStrategy,"['GVT&D.NS', 'VIVIDHA.NS', 'INVENTURE.NS', 'KANANIIND.NS', 'SHRENIK.NS']"
2024-12-01,2024-12-31,OnBalanceVolumeStrategy,"['EIEL.NS', 'GREAVESCOT.NS', 'NTPCGREEN.NS', 'IGL.NS', 'PNB.NS']"
2024-12-01,2024-12-31,CCIMomentumStrategy,"['REDINGTON.NS', 'ASTEC.NS', 'OLAELEC.NS', 'BALAMINES.NS', 'FLUOROCHEM.NS']"
2024-12-01,2024-12-31,PriceRateOfChangeMomentumStrategy,"['BLACKBUCK.NS', 'FAIRCHEMOR.NS', 'GREAVESCOT.NS', 'UNIVCABLES.NS', 'VAKRANGEE.NS']"
2024-12-01,2024-12-31,RSIMomentumStrategy,"['SUBEXLTD.NS', 'MAPMYINDIA.NS', 'GREENPOWER.NS', 'DREAMFOLKS.NS', 'SANDUMA.NS']"
2024-12-01,2024-12-31,WilliamsRMomentumStrategy,"['CAPTRUST.NS', 'INDOTECH.NS', 'INVENTURE.NS', 'KAYA.NS', 'PASUPTAC.NS']"
2024-12-01,2024-12-31,CalmarRatioStrategy,"['NIRAJISPAT.NS', 'TRANSRAILL.NS', 'IGIL.NS', 'BLACKBUCK.NS', 'GREAVESCOT.NS']"
2024-12-01,2024-12-31,SharpeRatioStrategy,"['BROOKS.NS', 'NIRAJ.NS', 'AVROIND.NS', 'NEWGEN.NS', 'SURAJLTD.NS']"
2024-12-01,2024-12-31,SortinoRatioStrategy,"['SRD.NS', 'DCMFINSERV.NS', 'ABDL.NS', 'AVROIND.NS', 'HSCL.NS']"
2024-12-01,2024-12-31,LossRateStrategy,"['GVT&D.NS', 'NIRAJISPAT.NS', 'TRANSRAILL.NS', 'BROOKS.NS', 'NIRAJ.NS']"
2024-12-01,2024-12-31,WinRateStrategy,"['TRANSRAILL.NS', 'BROOKS.NS', 'IGIL.NS', 'AVROIND.NS', 'DIGISPICE.NS']"
2024-12-01,2024-12-31,AnnualizedReturnStrategy,"['IGIL.NS', 'GREAVESCOT.NS', 'BLACKBUCK.NS', 'FAIRCHEMOR.NS', 'BAJAJHCARE.NS']"
2024-12-01,2024-12-31,AverageDailyReturnStrategy,"['IGIL.NS', 'GREAVESCOT.NS', 'BLACKBUCK.NS', 'BAJAJHCARE.NS', 'FAIRCHEMOR.NS']"
2024-12-01,2024-12-31,CumulativeReturnStrategy,"['GREAVESCOT.NS', 'BLACKBUCK.NS', 'FAIRCHEMOR.NS', 'BAJAJHCARE.NS', 'NEWGEN.NS']"
2024-12-01,2024-12-31,ConditionalValueAtRiskStrategy,"['STAR.NS', 'MOKSH.NS', 'UNIINFO.NS', 'SANGHIIND.NS', 'WABAG.NS']"
2024-12-01,2024-12-31,MaximumDrawdownStrategy,"['STAR.NS', 'RATNAVEER.NS', 'DCM.NS', 'TARC.NS', 'SANGHIIND.NS']"
2024-12-01,2024-12-31,UlcerIndexStrategy,"['CEWATER.NS', 'DAMCAPITAL.NS', 'GVT&D.NS', 'MAMATA.NS', 'NIRAJISPAT.NS']"
2024-12-01,2024-12-31,ValueAtRiskStrategy,"['STAR.NS', 'DAMCAPITAL.NS', 'CEWATER.NS', 'EIEL.NS', 'DCM.NS']"
2024-12-01,2024-12-31,VolatilityStrategy,"['GVT&D.NS', 'HEUBACHIND.NS', 'NILKAMAL.NS', 'SANOFI.NS', 'AAVAS.NS']"
